{
    "accesorytype": [
        {
            "id": "A1",
            "value": "Electrical"
        },
        {
            "id": "A2",
            "value": "NON-Electrical"
        },
        {
            "id": "A3",
            "value": "LPG"
        }      
     ],
      "financialtype": [  
        {
            "id": "1",
            "value": "Hypothecation"
        },
        {
            "id": "2",
            "value": "Hire Purchase"
        },
        {
            "id": "3",
            "value": "Lease"
        }
    ],
      "noofyears": [ 
        {
            "key": "N1",
            "value": "1 Year"
        },
        {
            "key": "N2",
            "value": "3 Year'"
        }
    ],
    "vehaccesory": [
        {
            "id": "1",
            "value": "Yes"
        },
        {
            "id": "2",
            "value": "No"
        }     
     ],
     "financierIA": [
        {
            "id": "1",
            "value": "Yes"
        },
        {
            "id": "2",
            "value": "No"
        }     
     ],
     "autoassomember": [
        {
            "id": "1",
            "value": "Yes"
        },
        {
            "id": "2",
            "value": "No"
        }     
     ],
     "yom": [
        {
            "id": "Y1",
            "value": "2015"
        },
        {
            "id": "Y2",
            "value": "2016"
        },
        {
            "id": "Y3",
            "value": "2017"
        },
        {
            "id": "Y4",
            "value": "2018"
        },
        {
            "id": "Y5",
            "value": "2019"
        }   
     ],
      "csi": [
        {
            "id": "c1",
            "value": "10000"
        },
        {
            "id": "c2",
            "value": "20000"
        },
        {
            "id": "c3",
            "value": "30000"
        },
        {
            "id": "c4",
            "value": "40000"
        },
        {
            "id": "c5",
            "value": "50000"
        }   
     ], 
     "anyclaimsrep": [
        {
            "id": "1",
            "value": "Yes"
        },
        {
            "id": "2",
            "value": "No"
        }     
     ],
     "ncb": [
        {
            "id": "1",
            "value": "10%"
        },
        {
            "id": "2",
            "value": "15%"
        },
        {
            "id": "3",
            "value": "20%"
        },
        {
            "id": "4",
            "value": "25%"
        },
        {
            "id": "5",
            "value": "30%"
        },
        {
            "id": "6",
            "value": "35%"
        },
        {
            "id": "7",
            "value": "40%"
        },
        {
            "id": "8",
            "value": "45%"
        },
        {
            "id": "9",
            "value": "50%"
        }          
     ],
	"portalServiceInputObj": {
		"userName": "50010098",
		"branchId": "500100",
		"textAttribute4": "882219022003137",
		"customerId": "9520977405",
		"customerName": "AGENT PORTAL TEAM",
		"customerType": "INDIVIDUAL",
		"from": "AP",
		"userId": "2010964",
		"proposalId": "4",
		"textAttribute1": "2",
		"policySOABO": {
			
		}
	},
	"policyBODynObjListArr": [
		{
			"bizTableName": "NIC_FINANCIER_POLICY",
			"dynamicAttributeVOList": []
		}
	],
	"dynamicAttributeVOListObj": {
		"valueMap": {
			"FinancierName": "",
			"DYN_DATA_ID": "",
			"Party_ID": "",
			"AgreementType": "",
			"FinancierAddress": "",
			"PartyID": ""
		}
	},
	"genPolicyInfoSOABOObj": {
		"fieldValueMap": {
			"NIC_Financier_Search": "",
			"NIC_Amount": "",
			"NIC_NumberB": "",
			"FleetDiscountRate": "0",
			"FleetDiscount": "2",
			"NumberOfVehicles": "0",
			"NIC_Declaration_Date": "1645381740000",
			"NIC_CIF_Gross_Premium_of_CIF_Policy": "519555",
			"NIC_Volume_Discount": "519555",
			"NIC_CIF_Sum_Insured": "546900",
			"NIC_Basis_of_Insurance_Policy_Level": "1",
			"NIC_Number_Fleet_Vehicles": "1",
			"HasErectionStart": ""
		},
		"actualAnnualTurnoverCarrying": 0,
		"durationMonth": 12,
		"estimatedAnnualTurnoverCarrying": 0,
		"marineServiceTaxFlag": 0,
		"poiPrintorNot": 1,
        "policyId":""
	},
	"insuredBODynObjListArr": [
		{
			"bizTableName": "NIC_Motor_Geographical",
			"dynamicAttributeVOList": [
				{
					"valueMap": {
						"NICMotorGEO07": "",
						"NICMotorGEO06": "2",
						"NICMotorGEO05": "2",
						"NICMotorGEO04": "2",
						"NICMotorGEO": "",
						"NICMotorGEO03": "2",
						"DYN_DATA_ID": 3944801,
						"NICMotorGEO02": "2",
                        "INSUREDID": "",
						"NICMotorGEO01": "2"
					}
				}
			]
		}
	],
	"insuredBOFieldValueMap": {
		"InsuredImposedExcess": "",
		"InsuredTowingCharges": "0",
		"NIC_PC_NUMBER_TRAILER": "0",
		"NIC_FullRiskDesc": "2",
		"NIC_Side_Car_IDV": "0",
		"YearOfManufacture": "1546281000000",
		"ClassCode": "",
		"DrivingTuitions": "2",
		"Handicapped": "2",
		"InsuredCompulsoryExcess": "1000",
		"Variant": "1000004154",
		"TypeOfFuel": "1",
		"NIC_CNGLPG": "2",
		"InsuredGoodFeatureDiscountC": "0",
		"NIC_PC_AUTO": "1212121212",
		"NameOfAssociation": "",
		"NICVehicleMake": "",
		"DateOfDeliveryPurchase": "1550601000000",
		"TypeOfBody": "11",
		"VehicleCategory": "5",
		"NICVehicleModel": "117047",
		"NIC_PC_Cubic_Capacity": "1086",
		"InsuredCNGInbuilt": "2",
		"RegisteringAuthorityCodeName": "43001",
		"AutomobileAssociationMembership": "2",
		"AntiTheftDevice": "2",
		"NIC_GeoState_Insured": "17",
		"LimitedToOwnPremises": "2",
		"VintageCar": "2",
		"Zone": "P3",
		"VehColor": "250235215",
		"ThreeWheeler": "2",
		"ClassOfVehicle": "2"
	},
	"odOdPolicyCtAcceSOABOListObj": {
		"fieldValueMap": {
			"IManufacturerSellingPrice": "546900",
			"NIC_FestivalSumInsured_Benefit": "519555",
			"NIC_LoadingA": "",
			"NIC_Loading5": ""
		},
		"interestSi": 519555,
		"interestType": 700000120,
		"interestTypeCode": "Own Damage",
         "policyCtId": ""
	},
	"elecOdPolicyCtAcceSOABOListObj": [],
	"odPolicyCtSOABOListObj": {
		"fieldValueMap": {
			"NIC_Deductible3": "519555",
			"NIC_ExchangeRate": "",
			"NIC_Supplier_Customer": "",
			"AgreedValue": "1",
			"ThirdPartyBodilyInjuryLimit": "99999999999999"
		},
		"coverType": 700000500,
		"coverTypeId": 700000500,
		"effectiveDate": "2019-02-21T00:00:00+05:30",
		"expirtyDate": "2020-02-20T23:59:00+05:30",
        "insuredId": "",
 "policyCtId": "",
		"policyCtAcceSOABOList": []
	},
	"tpbiTpPolicyCtAcceSOABOList": {
		"fieldValueMap": {
			"NICBenefitTPBILimit": "9999999999"
		},
		"interestSi": 0,
		"interestType": 100000040,
		"interestTypeCode": "Third Party Bodily Injury",
                  "policyCtId": ""
	},
	"tppdTpPolicyCtAcceSOABOListObj": {
		"fieldValueMap": {
			"IManufacturerSellingPrice": "0",
			"NICBenefitTPPDLimit": "2"
		},
		"interestSi": 0,
		"interestType": 100000041,
		"interestTypeCode": "Third Party Property Damage",
		 "policyCtId": ""
	},
	"pdTpPolicyCtAcceSOABOListObj": {
		"fieldValueMap": {
			"NICBenefitPaidDriver": "2"
		},
		"interestSi": 0,
		"interestType": 700000304,
		"interestTypeCode": "Legal Liability to Paid Driver/Cleaner"
	},
	"otpdTpPolicyCtAcceSOABOListObj": {
		"fieldValueMap": {
			"NICBenefitNoOfEmployees": "2"
		},
		"interestSi": 0,
		"interestType": 700000303,
		"interestTypeCode": "Legal Liability to Employees Other than Paid Driver/Cleaner"
	},
	"tpPolicyCtSOABOListObj": {
		"coverType": 700001243,
		"coverTypeCode": "TP_P",
		"coverTypeId": 700001243,
		"effectiveDate": "2019-02-21T00:00:00+05:30",
		"expirtyDate": "2020-02-20T23:59:00+05:30",
		 "policyCtId":"",
		"policyCtAcceSOABOList": []
	},
	"paPolicyCtSOABOListObj": {
		"coverType": 700001320,
		"coverTypeCode": "PA",
		"coverTypeId": 700001320,
		"effectiveDate": "2019-02-21T00:00:00+05:30",
		"expirtyDate": "2020-02-20T23:59:00+05:30",
		"policyCtAcceSOABOList": []
	},
	"cpapaPolicyCtAcceSOABOListObj": {
		"fieldValueMap": {
			"NICBenefitNomineeAge": "",
			"NICBenefitNomineeName": "",
			"NICBennefitRelationship": "",
			"NICBennefitGuardianName":"",
			"NICBennefitGuardianAge":"",
			"NICBennefitGuardianRelWithNominee":""

		},
		"interestSi": 1500000,
		"interestType": 700000300,
		"interestTypeCode": "Compulsory PA"
	},
	"panpaPolicyCtAcceSOABOListObj":[],

	"paunpaPolicyCtAcceSOABOListObj": {
		"fieldValueMap": {
			"NoOfQualifiedPersions": "2"
		},
		"interestSi": 1000,
		"interestType": 700000302,
		"interestTypeCode": "PA Un-Named"
	},
	"opapdpaPolicyCtAcceSOABOListObj": {
		"fieldValueMap": {
			"NoOfQualifiedPersions": "1"
		},
		"interestSi": 2000,
		"interestType": 700000424,
		"interestTypeCode": "Optional PA for Paid Driver/Cleaner/Conductor"
	},
	"cpaPolicyCtSOABOListObj": {
		"fieldValueMap": {
			"AccessoryDescription": "self",
			"NIC_Special_Exclusions": "nsv",
			"NomineeName": "null",
			"AgreedValue": "33",
			"NICName": "null"
		},
		"coverType": 700022490,
		"coverTypeCode": "CPA_PC",
		"coverTypeId": 700022490,
		"coverTypeName": "One Year CPA for Long-term Policy",
		"effectiveDate": "2019-02-21T00:00:00+05:30",
		"expirtyDate": "2020-02-20T23:59:00+05:30",
		"siOfCoverType": 1500000,
"policyCtId": ""
	},
	"enginePolicyCtSOABOListObj": {
		"fieldValueMap": {
			"AgreedValue": "0"
		},
		"coverType": 700021865,
		"coverTypeId": 700021865,
		"coverTypeName": "Engine Protect",
		"effectiveDate": "2019-02-21T00:00:00+05:30",
		"expirtyDate": "2020-02-20T23:59:00+05:30",
		"siOfCoverType": 1500000
	},
	"invoicePolicyCtSOABOListObj": {
		"fieldValueMap": {
			"BasicIDV": "0",
			"AgreedValue": "0"
		},
		"coverTypeName": "Invoice Protect",
		"coverType": 700021420,
		"coverTypeId": 700021420,
		"coverTypeCode": "INVOIC",
		"effectiveDate": "2019-02-21T00:00:00+05:30",
		"expirtyDate": "2020-02-20T23:59:00+05:30",
		"policyCtAcceSOABOList": [
			{
				"interestSi": 100,
				"interestType": 700014060,
				"interestTypeCode": "Other Charges(Reg. and Road Tax)"
			}
		]
	},
	"vehicleInsuredSOABOObj": {
		"capacity": 5,
		"chasisNumber": "",
		"engineNumber": "",
		"ncdAmount": 0,
		"ncdEntitlement": 0,
		"newVehicleFlag": 0,
		"numberofSeats": "5",
		"passengerRisks": 0,
		"registrationNumber": "NEW-0001",
		"rejectFlag": false,
		"roadTax": 0,
		"vehicleRegisterNo": "",
		"trailerFlag": 0
	},
	"insuredSOABOListObj": {
		"dynamicObjectList": [],
		"fieldValueMap": {
			
		},
		"effectiveDate": "2019-02-21T00:00:00+05:30",
		"expiryDate": "2019-02-24T00:00:00+05:30",
		"insuredCategory": 1,
		"insuredCategoryCode": "Vehicle Insured",
		"insuredName": "Virtual Insured",
		"planId": 700015907,
 "policyId": "",
         "insuredId": "",
		"policyCtSOABOList": [],
		"vehicleInsuredSOABO": {
			
		}
	},
	"nicPolicyCustSOABOObj": {
		"addressLine": "Perungudi",
		"addressType": "2",
		"city": "600001",
		"country": "91",
		"district": "43002",
		"email": "nsv@gmail.com",
		"field05": "N",
		"field10": "Tue Dec 20 00:00:00 IST 2011",
		"firstName": "AGENT PORTAL",
		"gender": "1",
		"lastName": "TEAM",
		"mobile": "9000000000",
		"occupation": "1003",
		"partyId": 7150577,
		"postCode": "100773",
		"state": "43",
		"title": "8",
		"policyId": ""
	},
		"previousInsuranceSOABOListobj": {
                "companyBranch": "",
                "noClaims": "",
                "policyFrom": "",
                "policyTo": "",
                "premiumPaid": "",
                "prevCompanyName": "", 
                "policyNo":""

},	
	"discPolicyDiscSOABOListObj": {
		"ctCode": "Own Damage Package_OD_P",
		"ctId": 700000500,
		"discountRate": 0,
		"discountType": 105,
		"discountTypeCode": "Discount",
		"policyId": ""
	},
	"loadPolicyDiscSOABOListObj": {
		"ctCode": "Own Damage Package_OD_P",
		"ctId": 700000500,
		"discountRate": 0,
		"discountType": 91,
		"discountTypeCode": "Loading",
		"policyId": ""
	},
	"policyPaymentSOABOObj": {
		"policyPayInfoSOABOList": [
			{
				 "payMode": 101,
                "payInfoId": "",
                "policyId": ""
			}
		]
	},
	"policySOABO": {
		"sumInsured": "9999999999.98",
		"dynamicObjectList": [],
		"agentCode": "9000008029",
		"agreementCode": "500100500100900000802901",
		"effectDate": "2019-02-21T00:00:00+05:30",
		"expiryDate": "2020-02-20T23:59:00+05:30",
		"productCode": "PC",
		"productId": 100000680,
		  "policyId":"",
        "quotationNumber": "",
		"proposalStatus":"",
		"genPolicyInfoSOABO": {
			
		},
		
		
		"insuredSOABOList": [],
		"motor": false,
		"nicPolicyCustSOABO": {
			
		},
		"previousInsuranceSOABOList": [],
		"policyDiscSOABOList": [],
		"policyPaymentSOABO": {
			
		}
	}
}