{
    "customerIndObject": {
        "customerType": "Individual",
        "title": "1",
        "firstName": "Rakhi",
        "middleName": null,
        "lastName": "Patel",
        "gender": "1",
        "dateOfBirth": "02-09-1990",
        "maritalStatus": "1",
        "language": "5001",
        "pan": "SDFPL5678L",
        "partyStatus": "1",
        "occupation": "9001",
        "annualIncome": "250000",
        "physicallyChallenged": "2",
        "territory": "india",
        "sector": "04",
        "aadharNumber": "122533638852",
        "gstin": "11546546",
        "primaryEmail": "br73patel@gmail.com",
        "secondaryEmail": null,
        "corporateName": null,
        "paidupCapital": null,
        "industryType": null,
        "organizationType": null,
        "website": null,
        "dateOfRegistration": null,
        "registrationNumber": null,
        "registrationExpiryDate": null,
        "registrationAuthority": null,
        "segmentType": null,
        "contactPerson": null,
        "addressType": "2",
        "searchPinCode": null,
        "country": "91",
        "stateName": "22",
        "districtName": "43024",
        "cityName": "627751",
        "pinCd": "  ",
        "beatCode": "11234",
        "Pin_Sl_No":"",
        "mobileNo": null,
        "mobileNo2": "9415763121",
        "telephoneSTDCode": null,
        "telephoneNumber": "",
        "faxSTDCode": null,
        "faxNumber": null,
        "address": "105 20A thenvadel street kadaiyanallur tenkasi taluk",
        "zipCode": null,
        "isBankAvailable": "NO",
        "accountNo": null,
        "bankAccountName": null,
        "bankAccountType": null,
        "neftCode": null,
        "bankCity": null,
        "bankNm": null,
        "bankCode": null,
        "bankBranchName": null,
        "micrCode": null,
        "rtgsCode": null,
        "paymentOption": null,
        "branchAddress": null,
        "customerCode": null
    },
    "customerCorpObject": {
        "country": "91",
        "isBankAvailable": "NO",
        "address": "H. No. 114C, SBP Homes2, Sec 126, Grt Mohali, Kharar, SAS Nagar",
        "districtName": "14016",
        "addressType": "1",
        "mobileNo": "9779118611",
        "paidupCapital": "990000000",
        "pinCd": "3367",
        "corporateName": "Nand Kumar Sharma",
        "organizationType": "11",
        "partyStatus": "1",
        "customerType": "Corporate",
        "beatCode": "3367",
        "Pin_Sl_No":"",
        "industryType": "19211901",
        "cityName": "914001",
        "stateName": "14"
    },
    "dynamicAttributeVOListObj": {
        "valueMap": {
            "FinancierName": "",
            "DYN_DATA_ID": "",
            "Party_ID": "",
            "AgreementType": "",
            "FinancierAddress": "",
            "PartyID": ""
        }
    }
}